chip_id,lot_id,wafer_id,die_x,die_y,product_model,test_temp_c,test_voltage_v,package_type,vth_v,idd_ua,leakage_na,frequency_mhz,power_mw,pass_count,fail_count,bin_code,test_duration_s,test_timestamp
SD-10000,LOT-2026Q2-100,W400,12,9,SD-MCU-7A,25,3.3,QFN48,0.69,80.7,31.6,493.6,0.27,128,0,BIN1,1.82,2026-06-13T18:57:57.525Z
SD-10001,LOT-2026Q2-101,W401,-12,-10,SD-MCU-7A,25,3.3,QFN48,0.731,76.1,24.3,514.9,0.25,128,0,BIN1,1.96,2026-06-13T12:12:26.311Z
SD-10002,LOT-2026Q2-101,W401,-11,-10,SD-MCU-7A,25,3.3,QFN48,0.69,63.9,42.1,496.7,0.21,128,0,BIN1,1.85,2026-06-14T05:27:55.819Z
SD-10003,LOT-2026Q2-101,W401,-10,-10,SD-MCU-7A,25,3.3,QFN48,0.661,81.3,28.4,490.5,0.27,128,0,BIN1,2.28,2026-06-13T17:10:04.954Z
SD-10004,LOT-2026Q2-101,W401,-9,-10,SD-MCU-7A,25,3.3,QFN48,0.721,93.4,26.4,502.4,0.31,128,0,BIN1,2.25,2026-06-14T23:50:52.654Z
SD-10005,LOT-2026Q2-101,W401,-8,-10,SD-MCU-7A,25,3.3,QFN48,0.736,37.4,42.3,439.2,0.12,128,0,BIN2,1.99,2026-06-14T23:34:49.615Z
SD-10006,LOT-2026Q2-101,W401,-7,-10,SD-MCU-7A,25,3.3,QFN48,0.709,95,23.6,498.3,0.31,128,0,BIN1,2.16,2026-06-13T01:08:31.886Z
SD-10007,LOT-2026Q2-101,W401,-6,-10,SD-MCU-7A,25,3.3,QFN48,0.752,77.7,16,507.3,0.26,128,0,BIN1,2.25,2026-06-14T16:12:34.465Z
SD-10008,LOT-2026Q2-101,W401,-5,-10,SD-MCU-7A,25,3.3,QFN48,0.66,93.5,27.4,496,0.31,128,0,BIN1,2,2026-06-13T00:08:20.242Z
SD-10009,LOT-2026Q2-101,W401,-4,-10,SD-MCU-7A,25,3.3,QFN48,0.709,79.9,28.5,474.8,0.26,128,0,BIN1,1.96,2026-06-13T05:19:30.910Z
SD-10010,LOT-2026Q2-101,W401,-3,-10,SD-MCU-7A,25,3.3,QFN48,0.672,106.2,41.6,467.9,0.35,128,0,BIN2,2.15,2026-06-13T08:44:51.298Z
SD-10011,LOT-2026Q2-101,W401,-2,-10,SD-MCU-7A,25,3.3,QFN48,0.768,77,17.5,506.1,0.25,128,0,BIN1,2.14,2026-06-14T15:20:55.820Z
SD-10012,LOT-2026Q2-101,W401,-1,-10,SD-MCU-7A,25,3.3,QFN48,0.689,73.2,35.5,519.4,0.24,128,0,BIN1,2.16,2026-06-13T23:53:49.021Z
SD-10013,LOT-2026Q2-101,W401,0,-10,SD-MCU-7A,25,3.3,QFN48,0.665,69.2,23.3,513.2,0.23,128,0,BIN1,2.42,2026-06-12T18:08:07.569Z
SD-10014,LOT-2026Q2-101,W401,1,-10,SD-MCU-7A,25,3.3,QFN48,0.728,108.1,26,470.5,0.36,128,0,BIN1,2.1,2026-06-13T03:44:36.543Z
SD-10015,LOT-2026Q2-101,W401,2,-10,SD-MCU-7A,25,3.3,QFN48,0.654,92,19.7,471.7,0.3,128,0,BIN1,2.21,2026-06-13T06:39:34.799Z
SD-10016,LOT-2026Q2-101,W401,3,-10,SD-MCU-7A,25,3.3,QFN48,0.775,44.3,26.6,471.6,0.15,128,0,BIN1,2.34,2026-06-15T09:39:23.294Z
SD-10017,LOT-2026Q2-101,W401,4,-10,SD-MCU-7A,25,3.3,QFN48,0.675,93.8,36.4,474.3,0.31,128,0,BIN1,2.54,2026-06-15T13:54:59.919Z
SD-10018,LOT-2026Q2-101,W401,5,-10,SD-MCU-7A,25,3.3,QFN48,0.689,79,37.1,486.2,0.26,128,0,BIN1,1.99,2026-06-12T22:19:57.571Z
SD-10019,LOT-2026Q2-101,W401,6,-10,SD-MCU-7A,25,3.3,QFN48,0.699,85.7,23.6,484.2,0.28,128,0,BIN1,2.39,2026-06-14T21:00:29.905Z
SD-10020,LOT-2026Q2-101,W401,7,-10,SD-MCU-7A,25,3.3,QFN48,0.72,91.5,45.4,460.5,0.3,128,0,BIN2,2.37,2026-06-13T01:00:14.558Z
SD-10021,LOT-2026Q2-101,W401,8,-10,SD-MCU-7A,25,3.3,QFN48,0.658,173.4,99.1,355.8,0.57,127,1,BIN5,1.91,2026-06-14T20:35:48.652Z
SD-10022,LOT-2026Q2-101,W401,9,-10,SD-MCU-7A,25,3.3,QFN48,0.724,61.2,36.9,490.9,0.2,128,0,BIN1,2.03,2026-06-13T04:02:46.251Z
SD-10023,LOT-2026Q2-101,W401,10,-10,SD-MCU-7A,25,3.3,QFN48,0.711,91.2,33.8,434.3,0.3,128,0,BIN2,2.42,2026-06-13T05:49:09.305Z
SD-10024,LOT-2026Q2-101,W401,11,-10,SD-MCU-7A,25,3.3,QFN48,0.706,69.9,23.1,483.8,0.23,128,0,BIN1,2.07,2026-06-15T06:59:19.795Z
SD-10025,LOT-2026Q2-101,W401,12,-10,SD-MCU-7A,25,3.3,QFN48,0.704,75.4,32.1,482.3,0.25,128,0,BIN1,2.29,2026-06-13T10:20:33.060Z
SD-10026,LOT-2026Q2-101,W402,-12,-9,SD-MCU-7A,25,3.3,QFN48,0.632,105.4,46.5,518.4,0.35,128,0,BIN1,2.11,2026-06-12T23:03:09.307Z
SD-10027,LOT-2026Q2-101,W402,-11,-9,SD-MCU-7A,25,3.3,QFN48,0.534,171.4,143,299.6,0.57,127,1,BIN5,1.96,2026-06-13T19:45:00.356Z
SD-10028,LOT-2026Q2-101,W402,-10,-9,SD-MCU-7A,25,3.3,QFN48,0.692,81.5,25.9,497.6,0.27,128,0,BIN1,2.22,2026-06-13T16:38:29.975Z
SD-10029,LOT-2026Q2-101,W402,-9,-9,SD-MCU-7A,25,3.3,QFN48,0.67,41.9,18.1,506.3,0.14,128,0,BIN1,2.14,2026-06-14T23:24:47.122Z
SD-10030,LOT-2026Q2-101,W402,-8,-9,SD-MCU-7A,25,3.3,QFN48,0.695,93.6,42.6,526.6,0.31,128,0,BIN1,2.12,2026-06-14T23:45:02.972Z
SD-10031,LOT-2026Q2-101,W402,-7,-9,SD-MCU-7A,25,3.3,QFN48,0.685,81.5,45.7,484.6,0.27,128,0,BIN1,2.28,2026-06-13T07:20:37.989Z
SD-10032,LOT-2026Q2-101,W402,-6,-9,SD-MCU-7A,25,3.3,QFN48,0.73,97.9,20.2,497.5,0.32,128,0,BIN1,2.23,2026-06-12T22:47:21.124Z
SD-10033,LOT-2026Q2-101,W402,-5,-9,SD-MCU-7A,25,3.3,QFN48,0.691,79.4,35.2,494,0.26,128,0,BIN1,2.18,2026-06-12T20:59:41.142Z
SD-10034,LOT-2026Q2-101,W402,-4,-9,SD-MCU-7A,25,3.3,QFN48,0.709,130.3,1.5,489.7,0.43,128,0,BIN1,2.25,2026-06-13T21:33:06.410Z
SD-10035,LOT-2026Q2-101,W402,-3,-9,SD-MCU-7A,25,3.3,QFN48,0.656,44.7,20.1,479.6,0.15,128,0,BIN1,2.43,2026-06-15T03:22:42.131Z
SD-10036,LOT-2026Q2-101,W402,-2,-9,SD-MCU-7A,25,3.3,QFN48,0.683,100.6,38.5,456.3,0.33,128,0,BIN2,1.82,2026-06-14T08:17:55.935Z
SD-10037,LOT-2026Q2-101,W402,-1,-9,SD-MCU-7A,25,3.3,QFN48,0.68,109.4,34.1,472.9,0.36,128,0,BIN1,2.31,2026-06-13T11:52:44.381Z
SD-10038,LOT-2026Q2-101,W402,0,-9,SD-MCU-7A,25,3.3,QFN48,0.626,56.9,17.6,512.1,0.19,128,0,BIN1,2.16,2026-06-14T08:29:32.214Z
SD-10039,LOT-2026Q2-101,W402,1,-9,SD-MCU-7A,25,3.3,QFN48,0.689,98.1,25.5,480.1,0.32,128,0,BIN1,2.27,2026-06-13T19:22:16.615Z
SD-10040,LOT-2026Q2-101,W402,2,-9,SD-MCU-7A,25,3.3,QFN48,0.71,173.9,147.8,348.9,0.57,125,3,BIN5,2.42,2026-06-15T05:24:05.219Z
SD-10041,LOT-2026Q2-101,W402,3,-9,SD-MCU-7A,25,3.3,QFN48,0.711,101.8,61.3,445.8,0.34,128,0,BIN2,1.99,2026-06-14T20:09:36.914Z
SD-10042,LOT-2026Q2-101,W402,4,-9,SD-MCU-7A,25,3.3,QFN48,0.715,47.2,29.8,487.8,0.16,128,0,BIN1,2.23,2026-06-15T01:17:06.405Z
SD-10043,LOT-2026Q2-101,W402,5,-9,SD-MCU-7A,25,3.3,QFN48,0.715,42.4,72.3,438.4,0.14,128,0,BIN2,2.14,2026-06-14T14:32:58.356Z
SD-10044,LOT-2026Q2-101,W402,6,-9,SD-MCU-7A,25,3.3,QFN48,0.775,89,25.3,493.2,0.29,128,0,BIN1,2.07,2026-06-15T06:25:53.529Z
SD-10045,LOT-2026Q2-101,W402,7,-9,SD-MCU-7A,25,3.3,QFN48,0.699,96,21,478.5,0.32,128,0,BIN1,1.84,2026-06-12T23:25:37.832Z
SD-10046,LOT-2026Q2-101,W402,8,-9,SD-MCU-7A,25,3.3,QFN48,0.713,72,20.5,480.6,0.24,128,0,BIN1,2.25,2026-06-12T23:28:55.903Z
SD-10047,LOT-2026Q2-101,W402,9,-9,SD-MCU-7A,25,3.3,QFN48,0.708,112.1,18.1,521,0.37,128,0,BIN1,2.17,2026-06-14T20:00:05.936Z
SD-10048,LOT-2026Q2-101,W402,10,-9,SD-MCU-7A,25,3.3,QFN48,0.654,86.2,17.4,496.6,0.28,128,0,BIN1,1.81,2026-06-14T22:18:45.298Z
SD-10049,LOT-2026Q2-101,W402,11,-9,SD-MCU-7A,25,3.3,QFN48,0.696,104.5,37,482.6,0.34,128,0,BIN1,2.23,2026-06-14T15:34:19.584Z
SD-10050,LOT-2026Q2-101,W402,12,-9,SD-MCU-7A,25,3.3,QFN48,0.691,71.1,11.1,492.4,0.23,128,0,BIN1,1.98,2026-06-14T03:24:56.580Z
SD-10051,LOT-2026Q2-101,W403,-12,-8,SD-MCU-7A,25,3.3,QFN48,0.699,79.3,24.8,468.9,0.26,128,0,BIN2,1.86,2026-06-15T05:52:28.626Z
SD-10052,LOT-2026Q2-101,W403,-11,-8,SD-MCU-7A,25,3.3,QFN48,0.691,63,71.3,436.3,0.21,128,0,BIN2,2.31,2026-06-15T02:40:08.321Z
SD-10053,LOT-2026Q2-101,W403,-10,-8,SD-MCU-7A,25,3.3,QFN48,0.729,76.9,15.9,502.8,0.25,128,0,BIN1,2.26,2026-06-13T14:23:23.740Z
SD-10054,LOT-2026Q2-101,W403,-9,-8,SD-MCU-7A,25,3.3,QFN48,0.672,85.5,29.1,454.5,0.28,128,0,BIN2,2.2,2026-06-12T18:13:02.532Z
SD-10055,LOT-2026Q2-101,W403,-8,-8,SD-MCU-7A,25,3.3,QFN48,0.703,72.9,39.6,422.1,0.24,128,0,BIN3,2.06,2026-06-13T10:23:45.668Z
SD-10056,LOT-2026Q2-101,W403,-7,-8,SD-MCU-7A,25,3.3,QFN48,0.693,39.9,32,449,0.13,128,0,BIN2,2.32,2026-06-13T04:31:32.526Z
SD-10057,LOT-2026Q2-101,W403,-6,-8,SD-MCU-7A,25,3.3,QFN48,0.745,44,34.8,505.6,0.15,128,0,BIN1,2.55,2026-06-15T13:27:41.410Z
SD-10058,LOT-2026Q2-101,W403,-5,-8,SD-MCU-7A,25,3.3,QFN48,0.691,99.1,29.7,485.1,0.33,128,0,BIN1,2.01,2026-06-13T22:59:25.804Z
SD-10059,LOT-2026Q2-101,W403,-4,-8,SD-MCU-7A,25,3.3,QFN48,0.667,96.8,41.6,468.9,0.32,128,0,BIN2,2.06,2026-06-13T05:46:10.381Z
SD-10060,LOT-2026Q2-101,W403,-3,-8,SD-MCU-7A,25,3.3,QFN48,0.718,93.3,44.1,459.2,0.31,128,0,BIN2,2.26,2026-06-12T16:08:30.823Z
SD-10061,LOT-2026Q2-101,W403,-2,-8,SD-MCU-7A,25,3.3,QFN48,0.706,75.8,23,482.5,0.25,128,0,BIN1,2.02,2026-06-14T22:04:53.068Z
SD-10062,LOT-2026Q2-101,W403,-1,-8,SD-MCU-7A,25,3.3,QFN48,0.694,91.2,54.6,465.4,0.3,128,0,BIN2,2.32,2026-06-13T02:32:07.444Z
SD-10063,LOT-2026Q2-101,W403,0,-8,SD-MCU-7A,25,3.3,QFN48,0.75,51.4,21.1,483.5,0.17,128,0,BIN1,2.12,2026-06-14T12:35:29.543Z
SD-10064,LOT-2026Q2-101,W403,1,-8,SD-MCU-7A,25,3.3,QFN48,0.666,124.8,41.2,481.4,0.41,128,0,BIN1,2.07,2026-06-12T22:47:33.447Z
SD-10065,LOT-2026Q2-101,W403,2,-8,SD-MCU-7A,25,3.3,QFN48,0.745,84.8,17.6,498.5,0.28,128,0,BIN1,2.07,2026-06-13T15:17:12.901Z
SD-10066,LOT-2026Q2-101,W403,3,-8,SD-MCU-7A,25,3.3,QFN48,0.734,83.9,55.3,414.1,0.28,128,0,BIN3,2.05,2026-06-14T07:01:32.279Z
SD-10067,LOT-2026Q2-101,W403,4,-8,SD-MCU-7A,25,3.3,QFN48,0.714,83.6,63.7,406.6,0.28,128,0,BIN3,1.86,2026-06-14T11:26:15.680Z
SD-10068,LOT-2026Q2-101,W403,5,-8,SD-MCU-7A,25,3.3,QFN48,0.725,75.7,18.7,459.2,0.25,128,0,BIN2,2.22,2026-06-12T23:51:02.278Z
SD-10069,LOT-2026Q2-101,W403,6,-8,SD-MCU-7A,25,3.3,QFN48,0.697,31.4,42.4,495.6,0.1,128,0,BIN1,1.77,2026-06-15T13:23:07.435Z
SD-10070,LOT-2026Q2-101,W403,7,-8,SD-MCU-7A,25,3.3,QFN48,0.697,84.1,22.5,488.2,0.28,128,0,BIN1,1.99,2026-06-14T05:37:16.676Z
SD-10071,LOT-2026Q2-101,W403,8,-8,SD-MCU-7A,25,3.3,QFN48,0.678,65.6,25.2,497.8,0.22,128,0,BIN1,1.95,2026-06-14T23:04:58.879Z
SD-10072,LOT-2026Q2-101,W403,9,-8,SD-MCU-7A,25,3.3,QFN48,0.708,96.4,31.1,476.2,0.32,128,0,BIN1,2.19,2026-06-15T02:19:08.010Z
SD-10073,LOT-2026Q2-101,W403,10,-8,SD-MCU-7A,25,3.3,QFN48,0.66,94.4,17.5,488,0.31,128,0,BIN1,2.53,2026-06-14T03:26:01.773Z
SD-10074,LOT-2026Q2-101,W403,11,-8,SD-MCU-7A,25,3.3,QFN48,0.693,55.3,27.4,479.8,0.18,128,0,BIN1,2.26,2026-06-15T05:04:53.417Z
SD-10075,LOT-2026Q2-101,W403,12,-8,SD-MCU-7A,25,3.3,QFN48,0.622,188.2,129.8,430.8,0.62,125,3,BIN5,2.16,2026-06-12T17:26:06.118Z
SD-10076,LOT-2026Q2-101,W404,-12,-7,SD-MCU-7A,25,3.3,QFN48,0.711,73,40.9,469.4,0.24,128,0,BIN2,2.13,2026-06-13T06:35:50.128Z
SD-10077,LOT-2026Q2-101,W404,-11,-7,SD-MCU-7A,25,3.3,QFN48,0.71,96.6,12.6,530.3,0.32,128,0,BIN1,2.11,2026-06-14T21:30:50.237Z
SD-10078,LOT-2026Q2-101,W404,-10,-7,SD-MCU-7A,25,3.3,QFN48,0.68,80.9,22,482.4,0.27,128,0,BIN1,2.43,2026-06-15T00:46:29.959Z
SD-10079,LOT-2026Q2-101,W404,-9,-7,SD-MCU-7A,25,3.3,QFN48,0.681,78.5,31.9,464.7,0.26,128,0,BIN2,2.05,2026-06-14T00:41:24.306Z
SD-10080,LOT-2026Q2-101,W404,-8,-7,SD-MCU-7A,25,3.3,QFN48,0.821,138.7,122.6,384.7,0.46,126,2,BIN5,1.93,2026-06-15T02:34:08.671Z
SD-10081,LOT-2026Q2-101,W404,-7,-7,SD-MCU-7A,25,3.3,QFN48,0.697,73.6,60.8,440.6,0.24,128,0,BIN2,2.16,2026-06-12T15:29:08.024Z
SD-10082,LOT-2026Q2-101,W404,-6,-7,SD-MCU-7A,25,3.3,QFN48,0.689,75.1,26.2,471.9,0.25,128,0,BIN1,2.14,2026-06-13T17:35:35.098Z
SD-10083,LOT-2026Q2-101,W404,-5,-7,SD-MCU-7A,25,3.3,QFN48,0.728,77.7,50.3,488.5,0.26,128,0,BIN1,1.93,2026-06-12T15:25:08.086Z
SD-10084,LOT-2026Q2-101,W404,-4,-7,SD-MCU-7A,25,3.3,QFN48,0.728,115,41,452.6,0.38,128,0,BIN2,1.96,2026-06-12T16:51:13.415Z
SD-10085,LOT-2026Q2-101,W404,-3,-7,SD-MCU-7A,25,3.3,QFN48,0.645,95.9,24.6,476.1,0.32,128,0,BIN1,2.11,2026-06-13T04:04:49.131Z
SD-10086,LOT-2026Q2-101,W404,-2,-7,SD-MCU-7A,25,3.3,QFN48,0.671,108.8,39.5,499.7,0.36,128,0,BIN1,2.01,2026-06-13T19:18:53.253Z
SD-10087,LOT-2026Q2-101,W404,-1,-7,SD-MCU-7A,25,3.3,QFN48,0.672,58.1,22.6,480.9,0.19,128,0,BIN1,2.11,2026-06-12T16:36:57.937Z
SD-10088,LOT-2026Q2-101,W404,0,-7,SD-MCU-7A,25,3.3,QFN48,0.721,81.9,35.2,483.3,0.27,128,0,BIN1,2.4,2026-06-14T13:41:15.324Z
SD-10089,LOT-2026Q2-101,W404,1,-7,SD-MCU-7A,25,3.3,QFN48,0.649,82.7,24.5,502.2,0.27,128,0,BIN1,2.09,2026-06-15T07:52:45.695Z
SD-10090,LOT-2026Q2-101,W404,2,-7,SD-MCU-7A,25,3.3,QFN48,0.734,108.8,29.9,510.7,0.36,128,0,BIN1,2.08,2026-06-14T22:26:49.697Z
SD-10091,LOT-2026Q2-101,W404,3,-7,SD-MCU-7A,25,3.3,QFN48,0.692,78.2,41.7,498.7,0.26,128,0,BIN1,2.29,2026-06-15T09:15:06.985Z
SD-10092,LOT-2026Q2-101,W404,4,-7,SD-MCU-7A,25,3.3,QFN48,0.673,132.8,50.9,386.2,0.44,127,1,BIN5,2.16,2026-06-14T00:55:14.414Z
SD-10093,LOT-2026Q2-101,W404,5,-7,SD-MCU-7A,25,3.3,QFN48,0.733,73.5,12.3,509.1,0.24,128,0,BIN1,2.2,2026-06-15T10:39:42.109Z
SD-10094,LOT-2026Q2-101,W404,6,-7,SD-MCU-7A,25,3.3,QFN48,0.7,71.5,15.1,489,0.24,128,0,BIN1,2.28,2026-06-14T05:34:14.912Z
SD-10095,LOT-2026Q2-101,W404,7,-7,SD-MCU-7A,25,3.3,QFN48,0.72,74,36.8,525.1,0.24,128,0,BIN1,1.68,2026-06-13T05:47:02.981Z
SD-10096,LOT-2026Q2-101,W404,8,-7,SD-MCU-7A,25,3.3,QFN48,0.677,95.1,20.7,481.1,0.31,128,0,BIN1,2.13,2026-06-14T00:40:47.665Z
SD-10097,LOT-2026Q2-101,W404,9,-7,SD-MCU-7A,25,3.3,QFN48,0.669,79.7,10.8,495.4,0.26,128,0,BIN1,2.36,2026-06-14T23:00:32.089Z
SD-10098,LOT-2026Q2-101,W404,10,-7,SD-MCU-7A,25,3.3,QFN48,0.7,101.6,20.7,491.3,0.34,128,0,BIN1,2.04,2026-06-14T14:31:33.859Z
SD-10099,LOT-2026Q2-101,W404,11,-7,SD-MCU-7A,25,3.3,QFN48,0.667,129.2,35.3,474.8,0.43,128,0,BIN1,1.96,2026-06-13T23:37:14.433Z
SD-10100,LOT-2026Q2-101,W404,12,-7,SD-MCU-7A,25,3.3,QFN48,0.676,89.1,30.1,506.6,0.29,128,0,BIN1,2.08,2026-06-13T22:42:33.930Z
SD-10101,LOT-2026Q2-102,W405,-12,-6,SD-MCU-7A,25,3.3,QFN48,0.645,72.3,32.9,479.8,0.24,128,0,BIN1,1.68,2026-06-14T05:21:23.611Z
SD-10102,LOT-2026Q2-102,W405,-11,-6,SD-MCU-7A,25,3.3,QFN48,0.721,99,19.7,486.2,0.33,128,0,BIN1,1.99,2026-06-15T07:54:06.572Z
SD-10103,LOT-2026Q2-102,W405,-10,-6,SD-MCU-7A,25,3.3,QFN48,0.636,105.9,58.3,437.6,0.35,128,0,BIN2,2.27,2026-06-13T05:11:32.184Z
SD-10104,LOT-2026Q2-102,W405,-9,-6,SD-MCU-7A,25,3.3,QFN48,0.677,80.7,17.4,502.3,0.27,128,0,BIN1,2.2,2026-06-13T07:25:28.255Z
SD-10105,LOT-2026Q2-102,W405,-8,-6,SD-MCU-7A,25,3.3,QFN48,0.706,91.6,40.6,497,0.3,128,0,BIN1,1.67,2026-06-14T06:05:52.175Z
SD-10106,LOT-2026Q2-102,W405,-7,-6,SD-MCU-7A,25,3.3,QFN48,0.688,56.9,11.5,448.5,0.19,128,0,BIN2,2.37,2026-06-13T07:00:33.863Z
SD-10107,LOT-2026Q2-102,W405,-6,-6,SD-MCU-7A,25,3.3,QFN48,0.704,52.8,27.1,507.5,0.17,128,0,BIN1,2.25,2026-06-13T21:35:14.236Z
SD-10108,LOT-2026Q2-102,W405,-5,-6,SD-MCU-7A,25,3.3,QFN48,0.609,154.5,164.4,344.2,0.51,127,1,BIN5,2.18,2026-06-15T05:20:06.948Z
SD-10109,LOT-2026Q2-102,W405,-4,-6,SD-MCU-7A,25,3.3,QFN48,0.736,84.2,29.6,442.7,0.28,128,0,BIN2,2.44,2026-06-14T16:49:20.463Z
SD-10110,LOT-2026Q2-102,W405,-3,-6,SD-MCU-7A,25,3.3,QFN48,0.746,127.7,34.4,466.2,0.42,128,0,BIN2,2.2,2026-06-14T01:35:52.138Z
SD-10111,LOT-2026Q2-102,W405,-2,-6,SD-MCU-7A,25,3.3,QFN48,0.673,97.2,30,470.8,0.32,128,0,BIN1,2.04,2026-06-15T12:59:16.614Z
SD-10112,LOT-2026Q2-102,W405,-1,-6,SD-MCU-7A,25,3.3,QFN48,0.77,70.6,34.3,491.1,0.23,128,0,BIN1,2.49,2026-06-14T10:00:15.616Z
SD-10113,LOT-2026Q2-102,W405,0,-6,SD-MCU-7A,25,3.3,QFN48,0.727,82.7,36.9,491.5,0.27,128,0,BIN1,1.81,2026-06-13T05:49:17.217Z
SD-10114,LOT-2026Q2-102,W405,1,-6,SD-MCU-7A,25,3.3,QFN48,0.708,97.8,52.2,446.4,0.32,128,0,BIN2,2.19,2026-06-12T18:18:37.566Z
SD-10115,LOT-2026Q2-102,W405,2,-6,SD-MCU-7A,25,3.3,QFN48,0.644,78.2,20.2,484.7,0.26,128,0,BIN1,2.15,2026-06-13T01:59:46.814Z
SD-10116,LOT-2026Q2-102,W405,3,-6,SD-MCU-7A,25,3.3,QFN48,0.651,183.6,120.4,364.9,0.61,127,1,BIN5,2.31,2026-06-13T03:02:46.738Z
SD-10117,LOT-2026Q2-102,W405,4,-6,SD-MCU-7A,25,3.3,QFN48,0.659,105.6,17.6,507.8,0.35,128,0,BIN1,1.57,2026-06-13T10:32:21.596Z
SD-10118,LOT-2026Q2-102,W405,5,-6,SD-MCU-7A,25,3.3,QFN48,0.677,119.6,28.1,498.9,0.39,128,0,BIN1,1.93,2026-06-14T06:03:33.801Z
SD-10119,LOT-2026Q2-102,W405,6,-6,SD-MCU-7A,25,3.3,QFN48,0.695,89.2,40.8,496.1,0.29,128,0,BIN1,1.77,2026-06-14T22:03:45.466Z
SD-10120,LOT-2026Q2-102,W405,7,-6,SD-MCU-7A,25,3.3,QFN48,0.645,76,67.7,472.8,0.25,128,0,BIN1,1.95,2026-06-13T04:48:57.763Z
SD-10121,LOT-2026Q2-102,W405,8,-6,SD-MCU-7A,25,3.3,QFN48,0.699,74.9,21.3,535.6,0.25,128,0,BIN1,1.99,2026-06-14T20:37:09.022Z
SD-10122,LOT-2026Q2-102,W405,9,-6,SD-MCU-7A,25,3.3,QFN48,0.66,83.6,52,513.8,0.28,128,0,BIN1,1.86,2026-06-13T01:57:27.099Z
SD-10123,LOT-2026Q2-102,W405,10,-6,SD-MCU-7A,25,3.3,QFN48,0.655,92.4,71.1,412,0.3,128,0,BIN3,2.07,2026-06-13T07:21:38.617Z
SD-10124,LOT-2026Q2-102,W405,11,-6,SD-MCU-7A,25,3.3,QFN48,0.677,87.1,54,480.1,0.29,128,0,BIN1,2.11,2026-06-15T10:43:59.211Z
SD-10125,LOT-2026Q2-102,W405,12,-6,SD-MCU-7A,25,3.3,QFN48,0.746,87.8,31.2,499.9,0.29,128,0,BIN1,2.28,2026-06-15T02:04:15.599Z
SD-10126,LOT-2026Q2-102,W406,-12,-5,SD-MCU-7A,25,3.3,QFN48,0.667,85.5,23,511.8,0.28,128,0,BIN1,2.04,2026-06-12T16:41:21.690Z
SD-10127,LOT-2026Q2-102,W406,-11,-5,SD-MCU-7A,25,3.3,QFN48,0.722,91.9,47.1,529.8,0.3,128,0,BIN1,2.25,2026-06-13T18:03:32.922Z
SD-10128,LOT-2026Q2-102,W406,-10,-5,SD-MCU-7A,25,3.3,QFN48,0.667,82.9,45,504.5,0.27,128,0,BIN1,2.09,2026-06-14T02:43:00.828Z
SD-10129,LOT-2026Q2-102,W406,-9,-5,SD-MCU-7A,25,3.3,QFN48,0.631,178.3,93.3,337.8,0.59,126,2,BIN5,2.05,2026-06-13T21:06:16.303Z
SD-10130,LOT-2026Q2-102,W406,-8,-5,SD-MCU-7A,25,3.3,QFN48,0.694,74.6,28.8,487.4,0.25,128,0,BIN1,2.05,2026-06-14T20:50:25.359Z
SD-10131,LOT-2026Q2-102,W406,-7,-5,SD-MCU-7A,25,3.3,QFN48,0.69,75.9,20.4,506.8,0.25,128,0,BIN1,1.85,2026-06-12T23:31:32.551Z
SD-10132,LOT-2026Q2-102,W406,-6,-5,SD-MCU-7A,25,3.3,QFN48,0.663,98,30.1,488.9,0.32,128,0,BIN1,2.14,2026-06-15T08:36:09.300Z
SD-10133,LOT-2026Q2-102,W406,-5,-5,SD-MCU-7A,25,3.3,QFN48,0.692,102.8,54.1,483.1,0.34,128,0,BIN1,2.01,2026-06-12T20:17:27.357Z
SD-10134,LOT-2026Q2-102,W406,-4,-5,SD-MCU-7A,25,3.3,QFN48,0.693,77.2,34.6,507.9,0.25,128,0,BIN1,2.16,2026-06-13T04:01:06.836Z
SD-10135,LOT-2026Q2-102,W406,-3,-5,SD-MCU-7A,25,3.3,QFN48,0.676,81,18.1,498.4,0.27,128,0,BIN1,2.26,2026-06-14T11:11:46.825Z
SD-10136,LOT-2026Q2-102,W406,-2,-5,SD-MCU-7A,25,3.3,QFN48,0.698,87.2,18.6,462.4,0.29,128,0,BIN2,2.01,2026-06-14T08:27:36.170Z
SD-10137,LOT-2026Q2-102,W406,-1,-5,SD-MCU-7A,25,3.3,QFN48,0.667,100,40.2,470.8,0.33,128,0,BIN1,1.94,2026-06-13T13:34:47.693Z
SD-10138,LOT-2026Q2-102,W406,0,-5,SD-MCU-7A,25,3.3,QFN48,0.697,101.4,29,501.9,0.33,128,0,BIN1,2.31,2026-06-14T23:14:41.068Z
SD-10139,LOT-2026Q2-102,W406,1,-5,SD-MCU-7A,25,3.3,QFN48,0.743,167,130.3,328.1,0.55,126,2,BIN5,2.17,2026-06-13T10:16:44.425Z
SD-10140,LOT-2026Q2-102,W406,2,-5,SD-MCU-7A,25,3.3,QFN48,0.718,101.2,16.6,483.4,0.33,128,0,BIN1,2.19,2026-06-14T10:04:43.510Z
SD-10141,LOT-2026Q2-102,W406,3,-5,SD-MCU-7A,25,3.3,QFN48,0.712,65.1,57.4,455.1,0.21,128,0,BIN2,2.17,2026-06-12T23:16:35.497Z
SD-10142,LOT-2026Q2-102,W406,4,-5,SD-MCU-7A,25,3.3,QFN48,0.708,117.3,22.7,503.9,0.39,128,0,BIN1,1.93,2026-06-14T03:59:21.315Z
SD-10143,LOT-2026Q2-102,W406,5,-5,SD-MCU-7A,25,3.3,QFN48,0.692,134.2,155.1,345.3,0.44,125,3,BIN5,2.11,2026-06-15T02:38:05.147Z
SD-10144,LOT-2026Q2-102,W406,6,-5,SD-MCU-7A,25,3.3,QFN48,0.637,104.8,32.6,505.5,0.35,128,0,BIN1,2.15,2026-06-13T08:47:41.830Z
SD-10145,LOT-2026Q2-102,W406,7,-5,SD-MCU-7A,25,3.3,QFN48,0.673,67.3,21.8,493,0.22,128,0,BIN1,1.92,2026-06-14T13:20:15.373Z
SD-10146,LOT-2026Q2-102,W406,8,-5,SD-MCU-7A,25,3.3,QFN48,0.712,73.2,36.6,494.2,0.24,128,0,BIN1,2,2026-06-15T01:47:39.582Z
SD-10147,LOT-2026Q2-102,W406,9,-5,SD-MCU-7A,25,3.3,QFN48,0.689,80.6,26.3,505,0.27,128,0,BIN1,2.12,2026-06-14T01:59:36.355Z
SD-10148,LOT-2026Q2-102,W406,10,-5,SD-MCU-7A,25,3.3,QFN48,0.69,81.8,21.2,484.6,0.27,128,0,BIN1,2.05,2026-06-15T06:02:33.024Z
SD-10149,LOT-2026Q2-102,W406,11,-5,SD-MCU-7A,25,3.3,QFN48,0.692,82.9,32,486.9,0.27,128,0,BIN1,2.16,2026-06-14T21:28:15.993Z
SD-10150,LOT-2026Q2-102,W406,12,-5,SD-MCU-7A,25,3.3,QFN48,0.708,110.2,38.5,515.8,0.36,128,0,BIN1,2.16,2026-06-14T22:18:59.766Z
SD-10151,LOT-2026Q2-102,W407,-12,-4,SD-MCU-7A,25,3.3,QFN48,0.66,74.5,23.3,468,0.25,128,0,BIN2,2.32,2026-06-14T09:57:06.515Z
SD-10152,LOT-2026Q2-102,W407,-11,-4,SD-MCU-7A,25,3.3,QFN48,0.721,68.4,76.5,441.1,0.23,128,0,BIN2,2.23,2026-06-14T22:03:27.121Z
SD-10153,LOT-2026Q2-102,W407,-10,-4,SD-MCU-7A,25,3.3,QFN48,0.684,95.5,31.7,465.2,0.32,128,0,BIN2,2.31,2026-06-13T17:01:29.060Z
SD-10154,LOT-2026Q2-102,W407,-9,-4,SD-MCU-7A,25,3.3,QFN48,0.693,75.9,42,494.6,0.25,128,0,BIN1,2.13,2026-06-14T04:49:43.706Z
SD-10155,LOT-2026Q2-102,W407,-8,-4,SD-MCU-7A,25,3.3,QFN48,0.712,79,42.6,433.8,0.26,128,0,BIN2,2.08,2026-06-14T20:17:00.167Z
SD-10156,LOT-2026Q2-102,W407,-7,-4,SD-MCU-7A,25,3.3,QFN48,0.706,53.6,37.7,524.8,0.18,128,0,BIN1,1.96,2026-06-13T03:35:09.992Z
SD-10157,LOT-2026Q2-102,W407,-6,-4,SD-MCU-7A,25,3.3,QFN48,0.641,85.4,12.4,525.6,0.28,128,0,BIN1,1.95,2026-06-14T11:15:57.416Z
SD-10158,LOT-2026Q2-102,W407,-5,-4,SD-MCU-7A,25,3.3,QFN48,0.683,58.6,39.5,474.8,0.19,128,0,BIN1,2.2,2026-06-15T06:56:29.634Z
SD-10159,LOT-2026Q2-102,W407,-4,-4,SD-MCU-7A,25,3.3,QFN48,0.7,113.5,29.2,505.8,0.37,128,0,BIN1,1.86,2026-06-12T18:41:16.630Z
SD-10160,LOT-2026Q2-102,W407,-3,-4,SD-MCU-7A,25,3.3,QFN48,0.701,97.5,62.6,427.4,0.32,128,0,BIN3,2.16,2026-06-14T13:17:52.799Z
SD-10161,LOT-2026Q2-102,W407,-2,-4,SD-MCU-7A,25,3.3,QFN48,0.687,97.5,19.2,522,0.32,128,0,BIN1,2.21,2026-06-13T06:53:59.238Z
SD-10162,LOT-2026Q2-102,W407,-1,-4,SD-MCU-7A,25,3.3,QFN48,0.671,112,5,480.1,0.37,128,0,BIN1,1.91,2026-06-15T02:59:05.219Z
SD-10163,LOT-2026Q2-102,W407,0,-4,SD-MCU-7A,25,3.3,QFN48,0.752,103.2,28.5,492.3,0.34,128,0,BIN1,2.03,2026-06-14T05:57:06.298Z
SD-10164,LOT-2026Q2-102,W407,1,-4,SD-MCU-7A,25,3.3,QFN48,0.684,81.3,24.4,502.6,0.27,128,0,BIN1,2.16,2026-06-14T17:21:17.987Z
SD-10165,LOT-2026Q2-102,W407,2,-4,SD-MCU-7A,25,3.3,QFN48,0.705,87.5,16,495.3,0.29,128,0,BIN1,2.37,2026-06-14T09:05:04.773Z
SD-10166,LOT-2026Q2-102,W407,3,-4,SD-MCU-7A,25,3.3,QFN48,0.676,99.1,23.4,480,0.33,128,0,BIN1,2.3,2026-06-15T00:15:09.731Z
SD-10167,LOT-2026Q2-102,W407,4,-4,SD-MCU-7A,25,3.3,QFN48,0.738,81.9,29.5,451.5,0.27,128,0,BIN2,2.03,2026-06-15T05:26:48.125Z
SD-10168,LOT-2026Q2-102,W407,5,-4,SD-MCU-7A,25,3.3,QFN48,0.723,86.1,25.6,479,0.28,128,0,BIN1,2.05,2026-06-14T20:40:11.417Z
SD-10169,LOT-2026Q2-102,W407,6,-4,SD-MCU-7A,25,3.3,QFN48,0.701,93.1,74.6,436.5,0.31,128,0,BIN2,1.84,2026-06-15T01:37:31.232Z
SD-10170,LOT-2026Q2-102,W407,7,-4,SD-MCU-7A,25,3.3,QFN48,0.714,93.1,13.6,448.5,0.31,128,0,BIN2,2.07,2026-06-15T00:05:18.498Z
SD-10171,LOT-2026Q2-102,W407,8,-4,SD-MCU-7A,25,3.3,QFN48,0.703,106.3,37.7,503.3,0.35,128,0,BIN1,2,2026-06-14T13:10:45.532Z
SD-10172,LOT-2026Q2-102,W407,9,-4,SD-MCU-7A,25,3.3,QFN48,0.654,93.8,37.3,497.3,0.31,128,0,BIN1,1.94,2026-06-13T13:16:34.414Z
SD-10173,LOT-2026Q2-102,W407,10,-4,SD-MCU-7A,25,3.3,QFN48,0.681,90.1,28.8,518.4,0.3,128,0,BIN1,2.03,2026-06-12T19:03:09.833Z
SD-10174,LOT-2026Q2-102,W407,11,-4,SD-MCU-7A,25,3.3,QFN48,0.622,71.1,50.3,463.4,0.23,128,0,BIN2,2.3,2026-06-14T08:36:42.078Z
SD-10175,LOT-2026Q2-102,W407,12,-4,SD-MCU-7A,25,3.3,QFN48,0.705,57,21.7,523.9,0.19,128,0,BIN1,2.27,2026-06-12T19:45:33.523Z
SD-10176,LOT-2026Q2-102,W408,-12,-3,SD-MCU-7A,25,3.3,QFN48,0.698,89.3,22.4,507,0.29,128,0,BIN1,2.05,2026-06-13T00:02:58.984Z
SD-10177,LOT-2026Q2-102,W408,-11,-3,SD-MCU-7A,25,3.3,QFN48,0.692,94.3,21.9,499.5,0.31,128,0,BIN1,2.09,2026-06-15T00:24:09.604Z
SD-10178,LOT-2026Q2-102,W408,-10,-3,SD-MCU-7A,25,3.3,QFN48,0.686,79.5,32,487.6,0.26,128,0,BIN1,2.1,2026-06-14T12:56:36.873Z
SD-10179,LOT-2026Q2-102,W408,-9,-3,SD-MCU-7A,25,3.3,QFN48,0.706,54.1,42.4,411.1,0.18,128,0,BIN3,1.98,2026-06-14T07:10:20.825Z
SD-10180,LOT-2026Q2-102,W408,-8,-3,SD-MCU-7A,25,3.3,QFN48,0.715,91,29,476.7,0.3,128,0,BIN1,1.92,2026-06-14T12:12:25.633Z
SD-10181,LOT-2026Q2-102,W408,-7,-3,SD-MCU-7A,25,3.3,QFN48,0.654,86.7,31.1,490.8,0.29,128,0,BIN1,1.95,2026-06-14T04:49:39.776Z
SD-10182,LOT-2026Q2-102,W408,-6,-3,SD-MCU-7A,25,3.3,QFN48,0.663,59.1,16.5,479.4,0.2,128,0,BIN1,2.1,2026-06-14T17:35:13.930Z
SD-10183,LOT-2026Q2-102,W408,-5,-3,SD-MCU-7A,25,3.3,QFN48,0.7,82,51,506.4,0.27,128,0,BIN1,2.16,2026-06-13T15:04:09.229Z
SD-10184,LOT-2026Q2-102,W408,-4,-3,SD-MCU-7A,25,3.3,QFN48,0.724,81.8,33.4,495.7,0.27,128,0,BIN1,2.12,2026-06-15T10:32:40.617Z
SD-10185,LOT-2026Q2-102,W408,-3,-3,SD-MCU-7A,25,3.3,QFN48,0.721,100.2,49.9,433.1,0.33,128,0,BIN2,2.21,2026-06-15T03:07:38.598Z
SD-10186,LOT-2026Q2-102,W408,-2,-3,SD-MCU-7A,25,3.3,QFN48,0.676,103.6,26.8,482,0.34,128,0,BIN1,1.88,2026-06-14T02:02:17.565Z
SD-10187,LOT-2026Q2-102,W408,-1,-3,SD-MCU-7A,25,3.3,QFN48,0.723,39,39,436,0.13,128,0,BIN2,2.35,2026-06-13T03:11:35.418Z
SD-10188,LOT-2026Q2-102,W408,0,-3,SD-MCU-7A,25,3.3,QFN48,0.754,71.6,24.4,485.6,0.24,128,0,BIN1,2.15,2026-06-12T23:34:13.960Z
SD-10189,LOT-2026Q2-102,W408,1,-3,SD-MCU-7A,25,3.3,QFN48,0.71,92.1,40.1,514.7,0.3,128,0,BIN1,2.11,2026-06-13T23:41:28.682Z
SD-10190,LOT-2026Q2-102,W408,2,-3,SD-MCU-7A,25,3.3,QFN48,0.671,107.6,24.5,511.2,0.36,128,0,BIN1,2.03,2026-06-12T14:20:36.126Z
SD-10191,LOT-2026Q2-102,W408,3,-3,SD-MCU-7A,25,3.3,QFN48,0.674,96.3,40.3,426.6,0.32,128,0,BIN3,2.25,2026-06-14T07:09:37.576Z
SD-10192,LOT-2026Q2-102,W408,4,-3,SD-MCU-7A,25,3.3,QFN48,0.713,101,28.1,476.2,0.33,128,0,BIN1,1.95,2026-06-13T21:54:07.996Z
SD-10193,LOT-2026Q2-102,W408,5,-3,SD-MCU-7A,25,3.3,QFN48,0.688,115,20.4,495.6,0.38,128,0,BIN1,1.91,2026-06-12T23:06:19.812Z
SD-10194,LOT-2026Q2-102,W408,6,-3,SD-MCU-7A,25,3.3,QFN48,0.677,88.9,28.5,482.4,0.29,128,0,BIN1,2.26,2026-06-14T20:30:16.236Z
SD-10195,LOT-2026Q2-102,W408,7,-3,SD-MCU-7A,25,3.3,QFN48,0.705,110.2,26.5,505.7,0.36,128,0,BIN1,2.23,2026-06-12T21:20:44.155Z
SD-10196,LOT-2026Q2-102,W408,8,-3,SD-MCU-7A,25,3.3,QFN48,0.692,86.9,22.6,500.8,0.29,128,0,BIN1,2.15,2026-06-13T14:16:20.381Z
SD-10197,LOT-2026Q2-102,W408,9,-3,SD-MCU-7A,25,3.3,QFN48,0.684,84,36.9,505.5,0.28,128,0,BIN1,1.94,2026-06-14T21:54:47.900Z
SD-10198,LOT-2026Q2-102,W408,10,-3,SD-MCU-7A,25,3.3,QFN48,0.672,71.3,86.1,450.8,0.24,128,0,BIN2,2.01,2026-06-14T14:25:34.663Z
SD-10199,LOT-2026Q2-102,W408,11,-3,SD-MCU-7A,25,3.3,QFN48,0.683,106.9,24.3,467.2,0.35,128,0,BIN2,1.83,2026-06-13T06:25:05.317Z